제목,번호,작성자,작성날짜,조회수
2022학년도 일촌장학재단 장학생 선발,1726,학생지원팀,2022-05-17,617
2022년 안함사 장학생 제3기 모집 공고,1725,학생지원팀,2022-05-12,1582
「현대차 정몽구 스칼러십」2022 온드림 사회통합 장학생 선발,1724,학생지원팀,2022-05-12,1178
2022학년도 몽당연필 장학생(재일동포 유학생) 모집 공고,1723,학생지원팀,2022-05-09,682
2022학년도 상반기 신안군장학재단 장학생 선발 안내,1722,학생지원팀,2022-05-09,818
[강원랜드 멘토링 장학] 2022 신규 장학생 모집,1721,학생지원팀,2022-04-29,2757
2022년 근로·자녀장려금 신청 안내,1720,학생지원팀,2022-04-27,2884
2022학년도 독립유공자 후손 장학금 장학생 선발 안내,1719,학생지원팀,2022-04-27,753
2022학년도 1학기 푸른등대 삼성기부장학금 신규장학생 신청 안내,1718,이주헌,2022-04-22,4282
2022학년도 농협재단 미래 농업 인재 장학생 선발(대학원),1717,학생지원팀,2022-04-18,1528
